step,loss,epoch
10,54.16,0.004
20,48.4,0.008
30,29.04,0.012
40,17.2,0.016
50,9.236,0.02
60,1.489,0.024
70,1.636,0.028
80,1.379,0.032
90,1.15,0.036
100,1.36,0.04
110,1.283,0.044
120,1.122,0.048
130,1.647,0.052
140,1.273,0.056
150,1.425,0.06
160,1.189,0.064
170,1.339,0.068
180,1.175,0.072
190,1.158,0.076
200,1.096,0.08
210,1.334,0.084
220,1.351,0.088
230,1.295,0.092
240,1.304,0.096
250,1.351,0.1
260,1.245,0.104
270,1.226,0.108
280,1.304,0.112
290,1.029,0.116
300,1.516,0.12
310,1.253,0.124
320,1.188,0.128
330,1.308,0.132
340,1.211,0.136
350,1.125,0.14
360,1.27,0.144
370,1.428,0.148
380,1.26,0.152
390,1.086,0.156
400,1.301,0.16
410,1.211,0.164
420,1.327,0.168
430,1.232,0.172
440,1.181,0.176
450,1.127,0.18
460,1.248,0.184
470,1.278,0.188
480,1.217,0.192
490,1.238,0.196
500,1.271,0.2
510,1.11,0.204
520,1.171,0.208
530,1.154,0.212
540,1.168,0.216
550,1.24,0.22
560,1.288,0.224
570,1.083,0.228
580,1.405,0.232
590,1.082,0.236
600,1.126,0.24
610,1.008,0.244
620,1.214,0.248
630,1.045,0.252
640,1.057,0.256
650,1.194,0.26
660,1.127,0.264
670,1.195,0.268
680,1.091,0.272
690,0.9929,0.276
700,1.043,0.28
710,1.22,0.284
720,0.9609,0.288
730,0.977,0.292
740,1.149,0.296
750,1.092,0.3
760,1.214,0.304
770,1.201,0.308
780,1.217,0.312
790,0.9934,0.316
800,1.127,0.32
810,1.231,0.324
820,1.106,0.328
830,0.9913,0.332
840,1.125,0.336
850,1.123,0.34
860,0.9648,0.344
870,1.139,0.348
880,1.114,0.352
890,1.199,0.356
900,1.097,0.36
910,0.983,0.364
920,1.121,0.368
930,1.447,0.372
940,0.9974,0.376
950,1.037,0.38
960,1.561,0.384
970,1.107,0.388
980,1.161,0.392
990,0.9844,0.396
1000,1.143,0.4
1010,1.019,0.404
1020,1.013,0.408
1030,1.239,0.412
1040,0.9949,0.416
1050,1.054,0.42
1060,0.9901,0.424
1070,0.9935,0.428
1080,0.9907,0.432
1090,1.046,0.436
1100,1.006,0.44
1110,1.253,0.444
1120,1.017,0.448
1130,1.17,0.452
1140,0.9998,0.456
1150,1.299,0.46
1160,0.9006,0.464
1170,0.9868,0.468
1180,1.004,0.472
1190,1.167,0.476
1200,0.995,0.48
